                  epoch,         train/box_loss,         train/cls_loss,         train/dfl_loss,   metrics/precision(B),      metrics/recall(B),       metrics/mAP50(B),    metrics/mAP50-95(B),           val/box_loss,           val/cls_loss,           val/dfl_loss,                 lr/pg0,                 lr/pg1,                 lr/pg2
                      1,                  1.822,                 2.8599,                 1.8035,                0.49874,                0.37363,                0.35106,                0.14472,                 2.1033,                  2.426,                 2.2053,             0.00066129,             0.00066129,             0.00066129
                      2,                 1.9742,                 2.1568,                 1.9318,                0.23971,                0.27473,                0.16732,                0.06566,                 2.2526,                 8.5434,                 2.4848,              0.0013279,              0.0013279,              0.0013279
                      3,                 1.9656,                 2.1962,                 1.9473,                0.27101,                0.38462,                0.22001,                 0.0904,                 2.2018,                 2.7083,                 2.2556,              0.0019944,              0.0019944,              0.0019944
                      4,                 1.9325,                 2.1046,                 1.9011,                0.33583,                 0.2967,                0.25659,                0.09621,                 2.1364,                 2.3363,                 2.1622,              0.0019995,              0.0019995,              0.0019995
                      5,                 1.8687,                 1.9636,                 1.8427,                0.41455,                0.45055,                0.39676,                 0.1523,                  1.989,                 3.5193,                 2.0507,              0.0019991,              0.0019991,              0.0019991
                      6,                  1.819,                  1.898,                 1.8221,                0.41789,                0.41758,                0.32239,                0.14372,                 2.0141,                 2.2771,                  2.047,              0.0019986,              0.0019986,              0.0019986
                      7,                 1.7587,                  1.792,                 1.7681,                 0.4437,                0.42308,                0.42365,                0.19353,                 1.9761,                 2.0481,                  2.028,               0.001998,               0.001998,               0.001998
                      8,                 1.7726,                 1.8105,                 1.7924,                0.57189,                0.52198,                0.47738,                0.21037,                 1.9087,                 1.8291,                 1.9768,              0.0019973,              0.0019973,              0.0019973
                      9,                  1.721,                 1.6782,                 1.7543,                0.40648,                0.37363,                0.33167,                0.14337,                 2.0369,                 2.2448,                 2.0892,              0.0019965,              0.0019965,              0.0019965
                     10,                 1.6692,                 1.5913,                 1.7096,                0.54982,                 0.3956,                0.44066,                0.20324,                 1.9296,                 1.9306,                 1.9776,              0.0019956,              0.0019956,              0.0019956
                     11,                 1.6751,                 1.5942,                 1.7059,                 0.6355,                0.48352,                0.53877,                0.23687,                 1.8857,                 1.6594,                 1.9379,              0.0019946,              0.0019946,              0.0019946
                     12,                  1.648,                 1.5528,                 1.6806,                 0.6195,                 0.5457,                0.57889,                 0.2675,                 1.8528,                 1.9458,                 1.9298,              0.0019934,              0.0019934,              0.0019934
                     13,                 1.6329,                 1.4656,                 1.6834,                0.58299,                0.48901,                  0.507,                0.23343,                 1.8629,                 1.6973,                 1.9614,              0.0019922,              0.0019922,              0.0019922
                     14,                 1.5844,                 1.4184,                 1.6428,                0.58538,                0.56044,                0.57275,                0.26537,                 1.9461,                 1.6675,                 2.0469,              0.0019908,              0.0019908,              0.0019908
                     15,                 1.5832,                 1.4002,                 1.6447,                0.59352,                0.64986,                0.64985,                0.30207,                 1.9033,                 1.4281,                 1.9882,              0.0019894,              0.0019894,              0.0019894
                     16,                 1.6019,                 1.3688,                 1.6295,                0.58432,                0.56044,                0.55489,                0.24136,                 2.0146,                 1.6938,                 2.0124,              0.0019878,              0.0019878,              0.0019878
                     17,                  1.564,                 1.3406,                 1.6094,                0.55478,                0.61538,                0.60406,                0.28911,                 1.8811,                 1.4988,                 1.8987,              0.0019861,              0.0019861,              0.0019861
                     18,                 1.5253,                 1.3176,                 1.5783,                 0.5894,                0.57143,                0.59746,                0.29382,                 1.9163,                 1.5298,                 2.0008,              0.0019844,              0.0019844,              0.0019844
                     19,                  1.525,                 1.2893,                 1.5877,                0.65104,                0.54329,                0.57575,                0.25438,                 1.8938,                 1.6988,                 2.0343,              0.0019825,              0.0019825,              0.0019825
                     20,                 1.4901,                 1.2235,                 1.5524,                0.70152,                0.57692,                0.65179,                0.33134,                 1.8031,                 1.3618,                 1.8599,              0.0019805,              0.0019805,              0.0019805
                     21,                 1.4437,                 1.2009,                 1.5342,                  0.632,                0.53846,                0.60367,                0.28863,                 1.8332,                 1.5359,                 1.9473,              0.0019784,              0.0019784,              0.0019784
                     22,                 1.4506,                 1.1715,                 1.5413,                0.66379,                0.58242,                0.63217,                 0.3143,                  1.833,                   1.43,                 1.9035,              0.0019762,              0.0019762,              0.0019762
                     23,                 1.4576,                 1.1506,                  1.537,                0.61574,                0.60752,                0.62646,                0.31951,                 1.7839,                 1.5208,                 1.8311,              0.0019738,              0.0019738,              0.0019738
                     24,                 1.4448,                  1.169,                 1.5127,                0.66132,                0.62227,                0.64065,                0.31163,                 1.7974,                 1.4145,                 1.8898,              0.0019714,              0.0019714,              0.0019714
                     25,                 1.4112,                 1.1082,                 1.4881,                0.63931,                0.67033,                0.66823,                 0.3251,                 1.8248,                 1.3397,                  1.934,              0.0019689,              0.0019689,              0.0019689
                     26,                 1.4248,                 1.1109,                 1.4984,                0.74864,                0.61538,                0.70392,                0.34567,                 1.8202,                 1.2779,                 1.8703,              0.0019663,              0.0019663,              0.0019663
                     27,                 1.3998,                 1.0953,                 1.4776,                0.67457,                 0.6978,                0.73876,                0.35971,                  1.809,                  1.221,                  1.887,              0.0019635,              0.0019635,              0.0019635
                     28,                  1.379,                 1.0465,                 1.4604,                0.77943,                0.63736,                0.74034,                0.36671,                 1.7702,                 1.2227,                 1.8415,              0.0019607,              0.0019607,              0.0019607
                     29,                 1.3652,                 1.0533,                 1.4613,                0.70632,                0.63736,                0.69953,                0.33747,                 1.7951,                 1.2387,                 1.9149,              0.0019577,              0.0019577,              0.0019577
                     30,                 1.3365,                 1.0006,                 1.4403,                0.65797,                0.58791,                0.60007,                0.30125,                  1.863,                 1.3796,                 1.9554,              0.0019547,              0.0019547,              0.0019547
                     31,                 1.3551,                  1.023,                 1.4691,                0.67538,                0.69731,                0.70403,                0.34217,                 1.8468,                 1.2055,                 1.9421,              0.0019515,              0.0019515,              0.0019515
                     32,                  1.285,                0.97333,                 1.4046,                0.78106,                0.64685,                0.74367,                0.40072,                 1.7528,                 1.1793,                  1.801,              0.0019483,              0.0019483,              0.0019483
                     33,                 1.2858,                0.94011,                 1.3964,                0.63919,                0.67033,                0.71264,                0.35651,                 1.7797,                 1.2091,                  1.886,              0.0019449,              0.0019449,              0.0019449
                     34,                 1.2941,                0.97591,                 1.4062,                0.70668,                0.61538,                0.66657,                 0.3166,                 1.8248,                 1.3579,                 1.9826,              0.0019415,              0.0019415,              0.0019415
                     35,                 1.2514,                0.93501,                 1.3756,                0.68723,                 0.6978,                0.71322,                0.33919,                 1.8657,                 1.1623,                 2.0636,              0.0019379,              0.0019379,              0.0019379
                     36,                  1.276,                0.91058,                 1.3888,                0.72408,                0.60989,                0.70272,                0.34878,                 1.8496,                 1.2836,                 1.9692,              0.0019342,              0.0019342,              0.0019342
                     37,                 1.2251,                0.88904,                 1.3542,                0.74407,                0.60704,                0.68905,                0.33529,                 1.8327,                  1.279,                 1.9792,              0.0019305,              0.0019305,              0.0019305
                     38,                 1.2224,                0.86835,                 1.3434,                0.77165,                0.63187,                0.72463,                0.37768,                 1.7775,                 1.1591,                 1.8874,              0.0019266,              0.0019266,              0.0019266
                     39,                 1.1974,                0.84332,                 1.3296,                 0.6769,                0.67033,                0.68481,                0.35415,                 1.8896,                 1.2184,                 2.0364,              0.0019226,              0.0019226,              0.0019226
                     40,                  1.217,                 0.8718,                  1.347,                 0.8038,                0.65385,                0.75927,                 0.3667,                 1.8031,                 1.1488,                 1.8999,              0.0019186,              0.0019186,              0.0019186
                     41,                 1.1954,                0.87664,                 1.3345,                0.79305,                0.65273,                0.75482,                0.39596,                 1.7269,                 1.2553,                 1.8203,              0.0019144,              0.0019144,              0.0019144
                     42,                 1.2009,                 0.8449,                 1.3355,                0.76906,                0.72527,                0.78946,                0.39833,                  1.709,                 1.0997,                 1.8471,              0.0019101,              0.0019101,              0.0019101
                     43,                 1.1955,                0.83458,                 1.3307,                0.72633,                0.62637,                0.70038,                0.35089,                 1.7717,                 1.1694,                 1.9577,              0.0019058,              0.0019058,              0.0019058
                     44,                 1.1876,                0.83146,                 1.3302,                0.73518,                0.70167,                 0.7417,                0.37364,                 1.8259,                 1.1467,                 1.9841,              0.0019013,              0.0019013,              0.0019013
                     45,                 1.1596,                0.81866,                 1.3064,                0.76384,                0.69231,                0.74015,                0.36888,                 1.8412,                 1.1985,                   1.91,              0.0018968,              0.0018968,              0.0018968
                     46,                 1.1612,                0.83101,                 1.3138,                0.72344,                0.67582,                0.72032,                 0.3552,                 1.7843,                 1.2026,                 1.9515,              0.0018921,              0.0018921,              0.0018921
                     47,                  1.157,                0.82748,                  1.312,                0.74151,                  0.662,                0.70829,                0.36513,                  1.761,                 1.1705,                 1.9096,              0.0018873,              0.0018873,              0.0018873
                     48,                 1.1481,                0.81248,                 1.3022,                0.75837,                 0.6978,                0.75215,                0.37503,                 1.7764,                 1.1477,                 1.9377,              0.0018825,              0.0018825,              0.0018825
                     49,                 1.1299,                0.78074,                 1.2876,                0.77547,                 0.7033,                0.76256,                0.38151,                 1.7907,                 1.1831,                 1.9011,              0.0018775,              0.0018775,              0.0018775
                     50,                 1.0934,                0.76602,                   1.26,                0.72688,                0.71653,                0.74513,                0.35665,                 1.7764,                 1.1774,                 1.9062,              0.0018725,              0.0018725,              0.0018725
                     51,                 1.1027,                0.76888,                 1.2654,                0.79365,                0.68681,                0.76825,                 0.4085,                 1.7429,                 1.0856,                 1.9022,              0.0018674,              0.0018674,              0.0018674
                     52,                 1.1074,                 0.7744,                 1.2653,                0.71373,                 0.7033,                 0.7425,                0.37406,                 1.8089,                 1.1718,                 1.9525,              0.0018621,              0.0018621,              0.0018621
                     53,                 1.0901,                0.76484,                 1.2649,                0.74986,                0.64286,                0.72726,                0.38062,                 1.8481,                 1.1282,                  1.999,              0.0018568,              0.0018568,              0.0018568
                     54,                 1.0835,                0.76361,                 1.2614,                0.76582,                0.68281,                0.74849,                0.37489,                 1.8338,                 1.1561,                 2.0221,              0.0018514,              0.0018514,              0.0018514
                     55,                 1.0612,                0.72381,                 1.2484,                0.74065,                0.65905,                0.73313,                0.37425,                 1.8213,                 1.1891,                  1.991,              0.0018459,              0.0018459,              0.0018459
                     56,                 1.0779,                0.73235,                 1.2453,                0.65949,                0.73077,                0.71067,                0.36684,                 1.7946,                 1.1808,                 1.9605,              0.0018403,              0.0018403,              0.0018403
                     57,                 1.0662,                0.73587,                 1.2405,                0.72051,                0.72527,                0.75375,                 0.3847,                 1.7549,                 1.0711,                 1.9303,              0.0018346,              0.0018346,              0.0018346
                     58,                 1.0321,                0.69165,                 1.2149,                0.76373,                0.62637,                0.72555,                0.37437,                 1.7958,                 1.1588,                 1.9557,              0.0018288,              0.0018288,              0.0018288
                     59,                  1.037,                0.71401,                 1.2263,                0.74726,                 0.6978,                0.74476,                0.38018,                 1.8133,                  1.155,                 1.9764,              0.0018229,              0.0018229,              0.0018229
                     60,                 1.0538,                 0.7302,                 1.2308,                0.81397,                0.64913,                0.74473,                0.35655,                 1.9094,                 1.1845,                 2.1255,               0.001817,               0.001817,               0.001817
                     61,                 1.0195,                0.68055,                 1.2228,                0.78345,                0.67582,                0.75336,                0.38516,                 1.7825,                 1.0962,                 1.9519,              0.0018109,              0.0018109,              0.0018109
                     62,                 1.0209,                0.68538,                 1.2187,                0.82325,                 0.7033,                0.79828,                0.43047,                 1.7442,                 1.0324,                 1.9316,              0.0018048,              0.0018048,              0.0018048
                     63,                 1.0254,                0.70245,                 1.2125,                0.79694,                0.62088,                0.72007,                0.34424,                 1.8689,                 1.1904,                  2.063,              0.0017986,              0.0017986,              0.0017986
                     64,                 1.0215,                0.69538,                 1.2201,                0.78204,                0.71978,                0.78567,                0.38972,                 1.7959,                 1.1468,                 1.9756,              0.0017923,              0.0017923,              0.0017923
                     65,                 1.0148,                0.69863,                 1.2118,                0.78251,                0.74176,                0.75907,                0.38621,                 1.7692,                 1.1024,                 1.9869,              0.0017859,              0.0017859,              0.0017859
                     66,                 1.0116,                0.69781,                 1.2189,                0.76463,                0.64258,                0.75061,                0.37514,                 1.8477,                 1.2192,                 2.0243,              0.0017794,              0.0017794,              0.0017794
                     67,                0.99484,                0.68245,                 1.2068,                 0.7473,                0.63736,                0.71539,                0.35954,                 1.8749,                 1.2477,                 2.0544,              0.0017728,              0.0017728,              0.0017728
                     68,                0.98216,                0.65969,                 1.1847,                0.76789,                0.63187,                0.71693,                0.35875,                 1.8498,                 1.2502,                 1.9769,              0.0017662,              0.0017662,              0.0017662
                     69,                0.97019,                0.66519,                 1.1735,                0.75255,                0.75275,                0.77311,                0.38224,                 1.8492,                 1.0996,                 2.0175,              0.0017594,              0.0017594,              0.0017594
                     70,                0.96402,                0.65137,                 1.1765,                0.82521,                0.64852,                0.75684,                0.39224,                  1.784,                 1.1291,                 1.9366,              0.0017526,              0.0017526,              0.0017526
                     71,                 0.9663,                0.65558,                 1.1803,                0.80696,                0.67582,                0.73988,                0.35981,                 1.8489,                 1.2505,                 1.9868,              0.0017457,              0.0017457,              0.0017457
                     72,                0.95498,                0.64568,                 1.1757,                0.79363,                 0.6978,                0.78974,                0.39894,                 1.8012,                 1.1194,                 1.9893,              0.0017387,              0.0017387,              0.0017387
                     73,                0.96036,                0.64074,                 1.1761,                0.73548,                0.68681,                 0.7224,                0.38003,                 1.7672,                 1.1962,                   1.99,              0.0017317,              0.0017317,              0.0017317
                     74,                0.95379,                0.65078,                 1.1713,                0.79236,                0.59341,                0.71805,                0.38149,                 1.7612,                 1.3495,                 1.9106,              0.0017245,              0.0017245,              0.0017245
                     75,                0.91744,                0.61849,                 1.1628,                0.77369,                0.65385,                0.74754,                0.39944,                 1.7855,                 1.1945,                 1.9358,              0.0017173,              0.0017173,              0.0017173
                     76,                0.95069,                0.64766,                 1.1703,                0.74929,                0.65385,                0.71415,                0.37239,                 1.8169,                 1.2575,                 2.0063,                0.00171,                0.00171,                0.00171
                     77,                0.93576,                 0.6364,                 1.1572,                0.75637,                0.68132,                0.74773,                0.37108,                 1.8592,                 1.1368,                 2.0101,              0.0017027,              0.0017027,              0.0017027
                     78,                0.92904,                0.61225,                 1.1549,                 0.8135,                0.67582,                0.77344,                0.39903,                 1.7587,                 1.1535,                 1.9138,              0.0016952,              0.0016952,              0.0016952
                     79,                0.93397,                0.63911,                 1.1624,                0.77852,                0.65934,                0.73404,                0.37552,                 1.8036,                 1.1339,                 2.0092,              0.0016877,              0.0016877,              0.0016877
                     80,                0.94428,                0.63104,                 1.1693,                0.76243,                0.65246,                0.71352,                0.35916,                 1.8572,                 1.3245,                  1.963,              0.0016801,              0.0016801,              0.0016801
                     81,                0.90431,                0.61006,                 1.1431,                0.82718,                0.63736,                0.74406,                0.38039,                 1.8399,                 1.2301,                 1.9894,              0.0016724,              0.0016724,              0.0016724
                     82,                0.91538,                0.62474,                 1.1534,                0.74022,                0.68681,                0.71749,                 0.3702,                 1.8276,                 1.1962,                 2.0022,              0.0016647,              0.0016647,              0.0016647
                     83,                0.90941,                0.59609,                 1.1408,                0.70658,                 0.7033,                0.71108,                0.36745,                 1.8313,                 1.2263,                 1.9697,              0.0016569,              0.0016569,              0.0016569
                     84,                0.88468,                0.60206,                 1.1314,                0.79665,                0.69231,                0.75846,                0.38001,                 1.8188,                 1.1791,                 2.0343,               0.001649,               0.001649,               0.001649
                     85,                0.90041,                0.59533,                 1.1367,                0.74061,                0.73735,                0.74437,                0.37517,                 1.8151,                 1.1819,                 2.0685,               0.001641,               0.001641,               0.001641
                     86,                 0.8919,                0.60037,                 1.1434,                0.82592,                 0.7033,                0.77942,                 0.3993,                 1.7988,                 1.0615,                 1.9936,               0.001633,               0.001633,               0.001633
                     87,                0.89272,                0.59326,                 1.1319,                0.81305,                0.64835,                0.76733,                 0.4023,                 1.8329,                 1.0671,                 2.0259,              0.0016249,              0.0016249,              0.0016249
                     88,                0.89235,                0.59636,                 1.1389,                0.75272,                 0.7033,                0.75563,                0.39143,                 1.7518,                 1.1724,                 1.9415,              0.0016168,              0.0016168,              0.0016168
                     89,                0.86855,                0.57086,                 1.1218,                0.81042,                0.65934,                0.75463,                0.40819,                 1.7615,                 1.1638,                 1.9243,              0.0016086,              0.0016086,              0.0016086
                     90,                0.85791,                0.58207,                 1.1059,                0.79042,                0.63736,                0.72751,                0.37431,                 1.8676,                  1.209,                 2.0796,              0.0016003,              0.0016003,              0.0016003
                     91,                0.87976,                0.58362,                 1.1241,                 0.7818,                0.66934,                0.72424,                0.38168,                 1.7947,                 1.2149,                  1.995,              0.0015919,              0.0015919,              0.0015919
                     92,                0.85147,                0.55322,                  1.108,                 0.8898,                0.65934,                0.80138,                0.40986,                 1.7859,                0.99582,                 2.0199,              0.0015835,              0.0015835,              0.0015835
                     93,                0.84994,                0.56037,                 1.1106,                0.79325,                0.71677,                0.76285,                0.37947,                 1.8285,                 1.2236,                 2.0528,               0.001575,               0.001575,               0.001575
                     94,                0.86181,                0.56807,                 1.1175,                 0.8191,                0.66484,                0.74243,                0.39234,                 1.8168,                 1.1596,                 2.0318,              0.0015665,              0.0015665,              0.0015665
                     95,                0.83996,                0.54891,                 1.1066,                0.79523,                 0.7033,                0.75781,                0.40817,                 1.7773,                 1.1798,                 1.9833,              0.0015579,              0.0015579,              0.0015579
                     96,                0.83494,                 0.5571,                 1.1017,                0.75536,                0.65385,                0.72052,                0.38289,                 1.7819,                 1.2278,                 2.0091,              0.0015492,              0.0015492,              0.0015492
                     97,                0.83815,                0.55443,                 1.0988,                0.77985,                0.72527,                 0.7631,                0.37951,                 1.8115,                 1.1716,                 1.9829,              0.0015405,              0.0015405,              0.0015405
                     98,                0.84734,                0.56939,                 1.1042,                0.75373,                0.73077,                0.75754,                0.39406,                 1.8381,                 1.1358,                  2.051,              0.0015317,              0.0015317,              0.0015317
                     99,                0.84501,                0.55337,                 1.1083,                0.75618,                0.74725,                0.76812,                 0.3771,                 1.8186,                 1.2018,                 2.0095,              0.0015228,              0.0015228,              0.0015228
                    100,                0.84149,                0.55668,                 1.1099,                 0.7751,                 0.6817,                0.75016,                0.38199,                  1.812,                 1.1038,                 2.0187,               0.001514,               0.001514,               0.001514
                    101,                0.83518,                0.54889,                 1.0957,                0.79989,                0.65385,                0.71638,                0.37307,                 1.7959,                 1.2534,                 1.9858,               0.001505,               0.001505,               0.001505
                    102,                0.83808,                0.55373,                 1.0997,                0.78963,                0.75275,                0.76682,                0.38884,                 1.7779,                 1.0668,                 2.0455,               0.001496,               0.001496,               0.001496
                    103,                0.84999,                0.55219,                 1.1115,                 0.7707,                0.68132,                0.71019,                0.35596,                 1.8666,                 1.2168,                 2.1098,              0.0014869,              0.0014869,              0.0014869
                    104,                0.83468,                0.53113,                 1.0982,                 0.8104,                0.68132,                 0.7323,                0.38926,                 1.7653,                 1.1678,                 1.9952,              0.0014778,              0.0014778,              0.0014778
                    105,                 0.8292,                0.52849,                 1.0925,                0.82845,                0.64286,                0.73372,                0.36187,                 1.8061,                 1.1905,                 1.9771,              0.0014687,              0.0014687,              0.0014687
                    106,                0.79199,                0.52168,                 1.0814,                0.78214,                0.68681,                  0.775,                0.39973,                 1.7854,                 1.2148,                 2.0055,              0.0014595,              0.0014595,              0.0014595
                    107,                0.80891,                 0.5412,                 1.0797,                0.76314,                 0.6978,                0.75646,                0.40669,                 1.7996,                 1.1241,                 2.0106,              0.0014502,              0.0014502,              0.0014502
                    108,                0.82136,                0.54057,                 1.0901,                0.85195,                0.65385,                0.76698,                0.39158,                  1.784,                 1.1866,                 2.0222,              0.0014409,              0.0014409,              0.0014409
                    109,                0.79925,                0.52003,                 1.0768,                0.76221,                0.68686,                 0.7391,                0.39937,                 1.7419,                 1.1553,                 1.9467,              0.0014315,              0.0014315,              0.0014315
                    110,                0.80247,                0.52984,                 1.0841,                0.74871,                0.67582,                0.74868,                0.39325,                 1.7814,                 1.1823,                 1.9747,              0.0014221,              0.0014221,              0.0014221
                    111,                0.83203,                0.54403,                 1.1022,                0.80621,                0.66484,                0.74644,                0.37634,                 1.7838,                 1.2539,                 1.9995,              0.0014127,              0.0014127,              0.0014127
                    112,                0.78843,                0.51863,                 1.0769,                0.82231,                0.68655,                0.76065,                0.39372,                 1.8025,                 1.1261,                 2.0299,              0.0014032,              0.0014032,              0.0014032
                    113,                0.77964,                0.51139,                 1.0646,                0.79287,                0.73626,                0.78024,                0.40036,                 1.7604,                 1.0204,                 1.9982,              0.0013936,              0.0013936,              0.0013936
                    114,                0.78666,                0.49273,                 1.0643,                0.82036,                0.71429,                0.78353,                 0.3957,                  1.779,                 1.2339,                 2.0118,              0.0013841,              0.0013841,              0.0013841
                    115,                0.79004,                0.50886,                 1.0774,                0.85776,                0.66267,                0.79095,                0.40645,                 1.7648,                 1.1802,                 1.9301,              0.0013744,              0.0013744,              0.0013744
                    116,                0.78831,                0.50964,                 1.0709,                0.79077,                0.70879,                0.77412,                0.39287,                 1.8415,                 1.1582,                 2.1021,              0.0013648,              0.0013648,              0.0013648
                    117,                0.79239,                0.50669,                 1.0675,                0.79441,                0.70879,                0.78371,                0.39276,                 1.8331,                 1.1796,                 2.0481,              0.0013551,              0.0013551,              0.0013551
                    118,                 0.7754,                0.50379,                 1.0667,                0.89527,                0.65756,                 0.7737,                0.39972,                   1.79,                 1.1619,                  2.025,              0.0013454,              0.0013454,              0.0013454
                    119,                0.78121,                0.51232,                 1.0753,                0.83255,                0.62088,                0.72922,                0.38383,                 1.7615,                 1.1586,                 1.9953,              0.0013356,              0.0013356,              0.0013356
                    120,                0.76814,                0.49374,                 1.0638,                0.79729,                0.66484,                0.76171,                0.38639,                 1.8032,                 1.1562,                 2.0265,              0.0013258,              0.0013258,              0.0013258
                    121,                 0.7677,                0.48991,                 1.0613,                0.82701,                0.70922,                0.78253,                0.40691,                  1.747,                   1.11,                 1.9641,              0.0013159,              0.0013159,              0.0013159
                    122,                0.76681,                0.49554,                 1.0626,                0.76835,                0.65385,                0.73955,                0.39404,                 1.7433,                 1.2379,                 1.9673,              0.0013061,              0.0013061,              0.0013061
                    123,                0.74105,                0.48989,                 1.0472,                0.73185,                0.71979,                0.76629,                0.40244,                 1.7384,                  1.169,                  1.984,              0.0012961,              0.0012961,              0.0012961
                    124,                 0.7334,                0.46967,                 1.0433,                0.77314,                0.67411,                0.75814,                0.40926,                  1.757,                 1.1787,                 1.9817,              0.0012862,              0.0012862,              0.0012862
                    125,                0.74061,                0.47396,                 1.0545,                0.80916,                0.67582,                0.73299,                0.38282,                 1.7825,                  1.157,                 2.0596,              0.0012762,              0.0012762,              0.0012762
                    126,                0.73091,                0.45937,                 1.0352,                0.84754,                0.67033,                0.73163,                0.37564,                 1.8252,                 1.1898,                  2.093,              0.0012662,              0.0012662,              0.0012662
                    127,                0.72919,                0.46171,                 1.0394,                 0.7907,                0.65385,                0.71155,                 0.3842,                 1.8008,                 1.1868,                 2.0519,              0.0012562,              0.0012562,              0.0012562
                    128,                0.71847,                 0.4501,                 1.0242,                0.76971,                0.65934,                0.74454,                0.39172,                 1.7812,                 1.1403,                 2.0403,              0.0012461,              0.0012461,              0.0012461
                    129,                0.73702,                 0.4693,                 1.0445,                0.90368,                0.67014,                0.78066,                0.40187,                 1.7547,                 1.2353,                 1.9442,              0.0012361,              0.0012361,              0.0012361
                    130,                 0.7229,                0.45891,                 1.0338,                0.80742,                0.69231,                0.74379,                0.39027,                 1.7877,                 1.1726,                 2.0131,               0.001226,               0.001226,               0.001226
                    131,                0.73019,                0.46118,                 1.0453,                0.78337,                0.71527,                0.79679,                0.40843,                 1.7692,                 1.1596,                 2.0308,              0.0012158,              0.0012158,              0.0012158
                    132,                0.71543,                0.46313,                  1.027,                0.85989,                0.65385,                0.74963,                0.40209,                  1.749,                 1.1031,                 2.0408,              0.0012057,              0.0012057,              0.0012057
                    133,                0.70937,                0.44734,                  1.032,                0.86654,                0.65934,                0.77193,                0.39825,                  1.786,                 1.1254,                 2.0208,              0.0011955,              0.0011955,              0.0011955
                    134,                 0.7159,                0.46532,                 1.0313,                0.85542,                0.65385,                0.75824,                0.40182,                 1.7765,                 1.2361,                 1.9755,              0.0011853,              0.0011853,              0.0011853
                    135,                0.71598,                0.46117,                 1.0322,                0.77906,                0.68681,                0.77538,                0.41152,                  1.781,                0.98986,                 2.0173,              0.0011751,              0.0011751,              0.0011751
                    136,                0.71508,                0.45842,                 1.0348,                 0.7993,                0.70023,                0.76574,                0.39393,                 1.7845,                 1.0835,                 2.0308,              0.0011649,              0.0011649,              0.0011649
                    137,                0.70928,                0.45431,                 1.0287,                0.82492,                0.67309,                0.76203,                0.40329,                 1.7817,                 1.0547,                  2.006,              0.0011546,              0.0011546,              0.0011546
                    138,                0.73331,                0.46683,                 1.0478,                0.79745,                0.64835,                0.74262,                0.38129,                 1.8275,                 1.1446,                 2.0751,              0.0011444,              0.0011444,              0.0011444
                    139,                0.69249,                0.44143,                 1.0187,                0.73055,                0.71429,                0.73998,                0.38445,                 1.7848,                 1.1763,                 2.0055,              0.0011341,              0.0011341,              0.0011341
                    140,                0.69617,                0.45669,                 1.0224,                0.77269,                0.74725,                0.79229,                0.40766,                 1.7878,                 1.1537,                 2.0197,              0.0011238,              0.0011238,              0.0011238
                    141,                0.69251,                0.43559,                 1.0229,                0.81137,                0.68132,                  0.781,                0.40415,                 1.8198,                 1.1974,                 2.0769,              0.0011135,              0.0011135,              0.0011135
                    142,                0.69736,                0.44705,                 1.0258,                0.84232,                0.70879,                0.80604,                0.39939,                 1.7948,                 1.1219,                 2.0867,              0.0011032,              0.0011032,              0.0011032
                    143,                0.70333,                 0.4601,                 1.0311,                0.79762,                0.66484,                0.74434,                0.37762,                  1.832,                 1.2561,                 2.0882,              0.0010928,              0.0010928,              0.0010928
                    144,                0.69071,                0.43315,                 1.0136,                0.83347,                 0.7033,                0.77245,                0.39431,                 1.8263,                 1.1693,                 2.1208,              0.0010825,              0.0010825,              0.0010825
                    145,                0.69186,                 0.4407,                   1.03,                0.81868,                0.69466,                 0.7666,                0.39679,                 1.7935,                 1.0822,                 2.0829,              0.0010722,              0.0010722,              0.0010722
                    146,                0.69545,                0.44704,                 1.0286,                0.77574,                 0.6978,                0.77425,                0.39903,                 1.7876,                 1.1943,                 2.0431,              0.0010618,              0.0010618,              0.0010618
                    147,                0.67739,                0.43475,                  1.015,                0.80394,                0.68681,                0.76686,                 0.4126,                 1.7701,                 1.1839,                 2.0044,              0.0010515,              0.0010515,              0.0010515
                    148,                0.67985,                0.42893,                 1.0078,                 0.7211,                0.70879,                0.75778,                0.41345,                 1.7678,                 1.1224,                 2.0034,              0.0010411,              0.0010411,              0.0010411
                    149,                  0.683,                0.43706,                 1.0163,                 0.8271,                0.65712,                0.75963,                0.40728,                 1.7768,                  1.167,                  2.004,              0.0010307,              0.0010307,              0.0010307
                    150,                0.68194,                0.42858,                 1.0123,                0.76664,                  0.704,                 0.7536,                0.41333,                 1.7167,                 1.1342,                 1.9422,              0.0010204,              0.0010204,              0.0010204
                    151,                0.65238,                0.41283,                0.99571,                0.82844,                0.71639,                0.78618,                0.43002,                 1.7161,                 1.1188,                 1.9598,                0.00101,                0.00101,                0.00101
                    152,                0.67892,                0.43763,                  1.018,                0.85054,                0.62536,                0.74313,                0.40079,                 1.7943,                 1.3374,                  2.029,             0.00099963,             0.00099963,             0.00099963
                    153,                0.65744,                0.41744,                 1.0012,                0.82795,                0.68132,                0.77349,                0.42574,                 1.7318,                 1.1569,                 1.9734,             0.00098927,             0.00098927,             0.00098927
                    154,                0.66344,                0.41502,                 1.0079,                 0.8183,                 0.7033,                0.78126,                 0.4153,                 1.7804,                  1.097,                 2.0684,              0.0009789,              0.0009789,              0.0009789
                    155,                0.66328,                0.42303,                 1.0045,                0.78268,                0.63187,                0.74965,                 0.4059,                 1.7873,                 1.2138,                 2.0629,             0.00096854,             0.00096854,             0.00096854
                    156,                0.66123,                0.42487,                 1.0066,                0.80931,                0.65293,                0.73784,                0.40532,                 1.7538,                 1.2502,                 2.0118,             0.00095819,             0.00095819,             0.00095819
                    157,                0.65888,                0.41318,                  1.004,                0.78234,                0.68132,                0.75213,                0.40327,                 1.7553,                 1.1961,                 2.0414,             0.00094784,             0.00094784,             0.00094784
                    158,                  0.659,                0.42672,                 1.0086,                0.77444,                0.67582,                0.75541,                0.41198,                 1.7767,                 1.2221,                 2.0658,             0.00093749,             0.00093749,             0.00093749
                    159,                0.66763,                 0.4235,                 1.0111,                 0.7849,                0.70172,                0.74622,                0.40569,                  1.737,                 1.2301,                 2.0103,             0.00092716,             0.00092716,             0.00092716
                    160,                0.64729,                 0.3988,                0.98996,                0.76692,                0.70879,                 0.7679,                0.40976,                 1.7491,                 1.1639,                 2.0247,             0.00091683,             0.00091683,             0.00091683
                    161,                0.64253,                0.40091,                 0.9963,                0.79231,                0.74176,                0.77075,                0.41171,                 1.7234,                 1.0809,                 2.0109,             0.00090652,             0.00090652,             0.00090652
                    162,                0.65451,                0.41472,                0.99728,                0.84811,                0.64427,                 0.7365,                0.39539,                 1.7771,                 1.3256,                 2.0201,             0.00089621,             0.00089621,             0.00089621
